id,first_name,last_name,email,ip_address
1,Franny,Corby,fcorby0@google.de,40.216.85.198
2,Sally,Lougheid,slougheid1@thetimes.co.uk,50.196.132.187
3,Newton,Rumble,nrumble2@ocn.ne.jp,148.20.161.113
4,Adolf,Combes,acombes3@jalbum.net,58.14.107.67
5,Suzann,Bredbury,sbredbury4@census.gov,65.57.47.35
6,Purcell,Banghe,pbanghe5@eventbrite.com,87.89.56.118
7,Jordan,Jahn,jjahn6@blogspot.com,55.162.49.180
8,Codee,Sawter,csawter7@mozilla.com,69.160.206.6
9,Scarlett,Oluwatoyin,soluwatoyin8@naver.com,141.254.14.199
10,Thea,Fieldstone,tfieldstone9@gizmodo.com,154.157.100.167
11,Galina,Londesborough,glondesborougha@sitemeter.com,63.162.127.55
12,Kevan,Ourtic,kourticb@cargocollective.com,143.123.77.184
13,Megan,Sugarman,msugarmanc@reference.com,83.128.247.183
14,Lancelot,Trowbridge,ltrowbridged@jiathis.com,33.154.181.32
15,Rocky,O'Noulane,ronoulanee@photobucket.com,114.104.88.117
16,Jarrett,De la Yglesia,jdelayglesiaf@wordpress.org,248.182.253.199
17,Rubetta,Meaking,rmeakingg@facebook.com,38.121.110.242
18,Elroy,Illem,eillemh@lulu.com,207.175.22.217
19,Iver,Hedling,ihedlingi@amazon.com,46.225.92.63
20,Loree,Everil,leverilj@harvard.edu,29.112.63.16
21,Bunnie,Woodthorpe,bwoodthorpek@1und1.de,130.159.104.250
22,Amie,Coller,acollerl@ovh.net,6.166.16.236
23,Ofella,Murra,omurram@webs.com,28.36.44.245
24,Bar,Smithies,bsmithiesn@telegraph.co.uk,165.182.186.118
25,Marchelle,Baldi,mbaldio@geocities.jp,227.133.105.184
26,Geordie,Crottagh,gcrottaghp@barnesandnoble.com,183.85.64.40
27,Delcina,Coyne,dcoyneq@google.ru,150.80.158.80
28,Sharl,Kliesl,sklieslr@tripadvisor.com,183.93.54.211
29,Florance,Rizzotto,frizzottos@unicef.org,118.46.160.119
30,Arleyne,Claris,aclarist@fda.gov,100.251.246.32
31,Sayer,Phidgin,sphidginu@harvard.edu,214.159.229.247
32,Olympie,McGuire,omcguirev@amazon.de,76.62.169.247
33,Ronny,Thornally,rthornallyw@ted.com,74.191.14.155
34,Karie,Dracey,kdraceyx@weibo.com,15.117.185.109
35,Yolande,Mycroft,ymycrofty@printfriendly.com,3.245.30.140
36,Ciel,Maxfield,cmaxfieldz@yale.edu,87.61.204.94
37,Benny,Villaron,bvillaron10@amazon.com,76.124.209.149
38,Brendis,Scraggs,bscraggs11@cbsnews.com,16.134.83.214
39,Josie,Capozzi,jcapozzi12@nsw.gov.au,127.231.172.37
40,Tersina,Poli,tpoli13@washingtonpost.com,242.53.208.176
41,Kippar,Waywell,kwaywell14@csmonitor.com,56.182.64.179
42,Talbert,Basset,tbasset15@hostgator.com,155.224.205.106
43,Eldin,Edwicke,eedwicke16@salon.com,135.103.86.173
44,Lucho,Strawbridge,lstrawbridge17@bloomberg.com,43.17.202.127
45,Jamesy,Moyes,jmoyes18@naver.com,150.13.86.6
46,Kellsie,Buttel,kbuttel19@zdnet.com,44.37.20.52
47,Eddy,Liveley,eliveley1a@tripod.com,73.31.85.53
48,Natasha,Haestier,nhaestier1b@hud.gov,172.5.158.124
49,Giorgia,Moxom,gmoxom1c@mtv.com,13.222.23.160
50,Talbert,Spiniello,tspiniello1d@oaic.gov.au,200.156.40.70
51,Dunn,Rawsthorne,drawsthorne1e@t-online.de,82.212.108.64
52,Susanna,Greenslade,sgreenslade1f@europa.eu,194.191.19.239
53,Roshelle,Grellis,rgrellis1g@who.int,41.75.193.114
54,Ralf,Noice,rnoice1h@theatlantic.com,57.88.240.247
55,Colby,Mitcham,cmitcham1i@miitbeian.gov.cn,243.54.120.121
56,Percy,Facer,pfacer1j@acquirethisname.com,78.56.198.5
57,Celine,Fyrth,cfyrth1k@weather.com,173.15.115.152
58,Pierson,Calloway,pcalloway1l@parallels.com,210.248.58.53
59,Bondon,Gladdor,bgladdor1m@japanpost.jp,98.61.252.208
60,Herrick,Bairstow,hbairstow1n@oaic.gov.au,108.165.105.94
61,Cammy,Busch,cbusch1o@ustream.tv,189.118.162.130
62,Desmund,Scrimshire,dscrimshire1p@biglobe.ne.jp,15.213.48.198
63,Nil,Imlen,nimlen1q@parallels.com,118.165.25.92
64,Courtney,Mathewes,cmathewes1r@simplemachines.org,111.167.205.187
65,Ransell,Halliburton,rhalliburton1s@chicagotribune.com,27.173.149.158
66,Casie,O'Towey,cotowey1t@flickr.com,60.191.239.136
67,Agosto,Magnar,amagnar1u@weibo.com,52.73.46.177
68,Job,Rann,jrann1v@omniture.com,26.91.12.227
69,Nicholle,Chamney,nchamney1w@va.gov,255.168.117.73
70,Germaine,Philippson,gphilippson1x@springer.com,217.210.40.26
71,Katrinka,Faich,kfaich1y@xrea.com,90.90.253.167
72,Carolina,Limon,climon1z@npr.org,58.152.221.87
73,Aurelia,Gai,agai20@instagram.com,109.37.54.244
74,Von,Samet,vsamet21@wisc.edu,247.167.122.85
75,Marga,Elwyn,melwyn22@pinterest.com,131.180.244.13
76,Jayme,Ahlin,jahlin23@cocolog-nifty.com,69.46.71.150
77,Livvy,Kern,lkern24@angelfire.com,209.242.85.7
78,Katey,Willimott,kwillimott25@issuu.com,225.244.43.95
79,James,Mogey,jmogey26@goo.ne.jp,150.174.179.252
80,Aylmer,Rice,arice27@networksolutions.com,143.34.196.121
81,Joshia,Rothwell,jrothwell28@howstuffworks.com,178.140.160.237
82,Chancey,Rougier,crougier29@usgs.gov,33.233.252.233
83,Sunshine,Addams,saddams2a@tripod.com,2.253.105.150
84,Meryl,Sisson,msisson2b@cbc.ca,196.241.56.253
85,Chan,Pickrill,cpickrill2c@spiegel.de,234.160.106.0
86,Alisun,Rash,arash2d@mtv.com,97.49.131.68
87,Lonnard,Cartwight,lcartwight2e@statcounter.com,212.215.124.39
88,Hunfredo,Lodo,hlodo2f@dropbox.com,75.132.206.119
89,Norby,Goodee,ngoodee2g@blinklist.com,54.81.214.131
90,Ardis,Goodricke,agoodricke2h@indiatimes.com,147.253.102.201
91,Carissa,Dahlback,cdahlback2i@oaic.gov.au,60.190.10.94
92,Nicko,Please,nplease2j@gov.uk,193.100.93.215
93,Berke,Schooling,bschooling2k@mysql.com,98.154.166.145
94,Winny,Colbeck,wcolbeck2l@ameblo.jp,165.239.90.78
95,Steffen,Sucre,ssucre2m@businesswire.com,88.15.147.123
96,Lissa,Kleinlerer,lkleinlerer2n@facebook.com,191.128.111.74
97,Rosamund,McCoy,rmccoy2o@delicious.com,57.185.15.51
98,Bayard,Burrus,bburrus2p@ted.com,213.145.10.128
99,Elise,Sulman,esulman2q@livejournal.com,230.248.40.243
100,Robbin,Ybarra,rybarra2r@lycos.com,25.33.124.163
